﻿<?xml version="1.0" encoding="utf-8" ?>
<VoiceCommands xmlns="http://schemas.microsoft.com/voicecommands/1.2">
  
  <CommandSet xml:lang="en-us" Name="CortanaDemoVCD_US">
    <AppName> Cortana Demo </AppName>
    <Example> Set App Theme </Example>

    <Command Name="setAppTheme">
      <Example> Setting the application theme </Example>
      <ListenFor RequireAppName="BeforeOrAfterPhrase"> Set [my] theme {colors}</ListenFor>
      <ListenFor RequireAppName="ExplicitlySpecified"> Assign {builtin:AppName} {colors} </ListenFor>
      <Feedback> Setting the theme {colors} </Feedback>
      <Navigate />
    </Command>

    <PhraseList Label="colors">
      <Item>Light</Item>
      <Item>Dark</Item>
    </PhraseList>
    
  </CommandSet>

  <CommandSet xml:lang="en-gb" Name="CortanaDemoVCD_UK">
    <AppName> Cortana Demo </AppName>
    <Example> Set App Theme </Example>

    <Command Name="setAppTheme">
      <Example> Repeat what you've just said </Example>
      <ListenFor RequireAppName="BeforeOrAfterPhrase"> Set [my] theme {colors}</ListenFor>
      <ListenFor RequireAppName="ExplicitlySpecified"> Assign {builtin:AppName} {colors} </ListenFor>
      <Feedback> Setting the theme {colors} </Feedback>
      <Navigate />
    </Command>

    <PhraseList Label="colors">
      <Item>Light</Item>
      <Item>Dark</Item>
    </PhraseList>

  </CommandSet>
</VoiceCommands>