﻿<?xml version="1.0" encoding="utf-8" ?>
<resources>
  <style name="MasterDetailTheme" parent="MasterDetailTheme.Base">
  </style>
  <style name="MasterDetailTheme.Base" parent="Theme.AppCompat.Light.NoActionBar">
    <item name="colorPrimary">@color/primary</item>
    <item name="colorPrimaryDark">@color/primaryDark</item>
    <item name="colorAccent">@color/accent</item>
    <item name="android:windowBackground">@color/window_background</item>
    <item name="windowActionModeOverlay">true</item>
  </style>
</resources>